Identifier,HWID,DiscordId,Rank,JoinDate,Key,Notes
CaptainEz,cd0aa9856147b6c5b4ff2b7dfee5da20aa38253099ef1b4a64aced233c9afe29,895500903799463976,User,"7/18/2026, 4:52:17 AM",FCcpZcmJLRczYGVx9MCstK8hBjFkGajkhLi7k3tr,
Wemmbu,569c7f0b41ce9649602a0218cd02ed0b0a3d93130329451cc782b7dfda79ce71,1161658957513895946,Special,"7/18/2026, 4:52:38 AM",BhVa9Q7BMXZbvFYklLqRlmLTdGTZHTcnHsZiwA4,
William,45d25abffe8c792d74d30346429b5bc244b815eeb378a9c38395f7a466cf6894,339870406737395712,Head Honker,"7/18/2026, 4:55:24 AM",hRrAXTYDDkYQo1FIf6OLKMFdUMrw8Q0yO34,Schedule I guy
Knit,cbd3cfb9b9f51bbbfbf08759e243f5b3519cbf6ecc219ee95fe7c667e32c0a8d,1058495565899505763,User,"7/18/2026, 4:56:51 AM",3BRlH9Xzz0Z9zPFYEP8oQm3tQ2MS3,test account
Roblox Update Tracker,28860dfe48341b3e74f13cbc2843ad94b2d7df74214b63be9c0c1c9b149eea42,1218229252692906089,Temp,"7/18/2026, 5:27:16 PM",Lu3yDtq8FcaNzhOzwxENspwpVYg,"Expires on 7/18/2026, 5:32:16 PM"
Parrot,a12f7f488a9e89dabe6c5640636fc3935e593ef720056f2d5cd37ff15b401cc8,400097639917420548,Premium,"7/18/2026, 7:59:10 PM",fWEch8kepHLLYMPT9t6UDRMDcykxTVMMDW,Special
Spoke,876967b6b18b0b7019167863310937c582ac380cf4a4a8297117dbb00e79997d,349347610295009311,VIP,"7/18/2026, 7:59:59 PM",lUTS9McbPGs6shzrzoMYnxPSW9U6,Special
Corrade,cff6443abb4db340a1771460b5ce2179ed40863087d844a506f346a0fa2cdb5b,999776749070078004,Owner,"7/19/2026, 12:02:48 AM",Qrt2tWntLoxpEcY57BxqK2oN3hiDswjVxwb,ts notes
FlameFrags,644b0cd43750d857207d03ba078dbb7b3929243cd1daf9ea44edde1e05bcdb7b,364436420414144512,VIP,"7/19/2026, 12:04:30 AM",DmQ9jmctXG2OQhUMMoTjxCsQqu71,Special
